first_name,middle_name,last_name,employee_id,other_id,driver's_license_no,license_expiry_date,gender,marital_status,nationality,date_of_birth,address_street_1,address_street_2,city,state/province,zip/postal_code,country,home_telephone,mobile,work_telephone,work_email,other_email
Lan1,,Nguyen1,427382,,,,,,,,,,,,,,,,,,
Lan2,,Nguyen2,427383,,,,,,,,,,,,,,,,,,
Lan3,,Nguyen3,427384,,,,,,,,,,,,,,,,,,
Lan4,,Nguyen4,427385,,,,,,,,,,,,,,,,,,
Lan5,,Nguyen5,427386,,,,,,,,,,,,,,,,,,
Lan6,,Nguyen6,427387,,,,,,,,,,,,,,,,,,
Lan7,,Nguyen7,427388,,,,,,,,,,,,,,,,,,
Lan8,,Nguyen8,427389,,,,,,,,,,,,,,,,,,
Lan9,,Nguyen9,427390,,,,,,,,,,,,,,,,,,
Lan10,,Nguyen10,427391,,,,,,,,,,,,,,,,,,
Lan11,,Nguyen11,427392,,,,,,,,,,,,,,,,,,
Lan12,,Nguyen12,427393,,,,,,,,,,,,,,,,,,
Lan13,,Nguyen13,427394,,,,,,,,,,,,,,,,,,
Lan14,,Nguyen14,427395,,,,,,,,,,,,,,,,,,
Lan15,,Nguyen15,427396,,,,,,,,,,,,,,,,,,
Lan16,,Nguyen16,427397,,,,,,,,,,,,,,,,,,
Lan17,,Nguyen17,427398,,,,,,,,,,,,,,,,,,
Lan18,,Nguyen18,427399,,,,,,,,,,,,,,,,,,
Lan19,,Nguyen19,427400,,,,,,,,,,,,,,,,,,
Lan20,,Nguyen20,427401,,,,,,,,,,,,,,,,,,
Lan21,,Nguyen21,427402,,,,,,,,,,,,,,,,,,
Lan22,,Nguyen22,427403,,,,,,,,,,,,,,,,,,
Lan23,,Nguyen23,427404,,,,,,,,,,,,,,,,,,
Lan24,,Nguyen24,427405,,,,,,,,,,,,,,,,,,
Lan25,,Nguyen25,427406,,,,,,,,,,,,,,,,,,
Lan26,,Nguyen26,427407,,,,,,,,,,,,,,,,,,
Lan27,,Nguyen27,427408,,,,,,,,,,,,,,,,,,
Lan28,,Nguyen28,427409,,,,,,,,,,,,,,,,,,
Lan29,,Nguyen29,427410,,,,,,,,,,,,,,,,,,
Lan30,,Nguyen30,427411,,,,,,,,,,,,,,,,,,
Lan31,,Nguyen31,427412,,,,,,,,,,,,,,,,,,
Lan32,,Nguyen32,427413,,,,,,,,,,,,,,,,,,
Lan33,,Nguyen33,427414,,,,,,,,,,,,,,,,,,
Lan34,,Nguyen34,427415,,,,,,,,,,,,,,,,,,
Lan35,,Nguyen35,427416,,,,,,,,,,,,,,,,,,
Lan36,,Nguyen36,427417,,,,,,,,,,,,,,,,,,
Lan37,,Nguyen37,427418,,,,,,,,,,,,,,,,,,
Lan38,,Nguyen38,427419,,,,,,,,,,,,,,,,,,
Lan39,,Nguyen39,427420,,,,,,,,,,,,,,,,,,
Lan40,,Nguyen40,427421,,,,,,,,,,,,,,,,,,
Lan41,,Nguyen41,427422,,,,,,,,,,,,,,,,,,
Lan42,,Nguyen42,427423,,,,,,,,,,,,,,,,,,
Lan43,,Nguyen43,427424,,,,,,,,,,,,,,,,,,
Lan44,,Nguyen44,427425,,,,,,,,,,,,,,,,,,
Lan45,,Nguyen45,427426,,,,,,,,,,,,,,,,,,
Lan46,,Nguyen46,427427,,,,,,,,,,,,,,,,,,
Lan47,,Nguyen46,427428,,,,,,,,,,,,,,,,,,
Lan48,,Nguyen46,427429,,,,,,,,,,,,,,,,,,
Lan49,,Nguyen46,427430,,,,,,,,,,,,,,,,,,
Lan50,,Nguyen46,427431,,,,,,,,,,,,,,,,,,
Lan51,,Nguyen46,427432,,,,,,,,,,,,,,,,,,